{"cameraMode":{"drawMode":0,"name":"Shaded","section":"Shading Mode"},"sceneLighting":true,"audioPlay":false,"sceneViewState":{"m_AlwaysRefresh":false,"showFog":true,"showSkybox":true,"showFlares":true,"showImageEffects":true,"showParticleSystems":true,"showVisualEffectGraphs":true,"m_FxEnabled":true},"in2DMode":false,"pivot":{"x":-0.11582361161708832,"y":13.512761116027832,"z":-8.089912414550782},"rotation":{"x":-0.4177261292934418,"y":-0.12420357763767243,"z":0.057750776410102847,"w":-0.8982066512107849},"size":5.479499816894531,"orthographic":false}